Trace,Exp,Core_0_IPC,Core_1_IPC,Core_2_IPC,Core_3_IPC,Core_0_instructions,Core_1_instructions,Core_2_instructions,Core_3_instructions,Core_0_cycles,Core_1_cycles,Core_2_cycles,Core_3_cycles,Core_0_L2C_prefetch_issued,Core_1_L2C_prefetch_issued,Core_2_L2C_prefetch_issued,Core_3_L2C_prefetch_issued,Core_0_L2C_prefetch_useful,Core_1_L2C_prefetch_useful,Core_2_L2C_prefetch_useful,Core_3_L2C_prefetch_useful,Core_0_L2C_prefetch_useless,Core_1_L2C_prefetch_useless,Core_2_L2C_prefetch_useless,Core_3_L2C_prefetch_useless,Core_0_L2C_prefetch_late,Core_1_L2C_prefetch_late,Core_2_L2C_prefetch_late,Core_3_L2C_prefetch_late,Core_0_L2C_prefetch_filled,Core_1_L2C_prefetch_filled,Core_2_L2C_prefetch_filled,Core_3_L2C_prefetch_filled,Core_0_L2C_load_miss,Core_1_L2C_load_miss,Core_2_L2C_load_miss,Core_3_L2C_load_miss,Core_0_LLC_total_miss,Core_0_LLC_load_miss,Core_0_LLC_RFO_miss,Core_0_LLC_writeback_miss,Core_0_branch_prediction_accuracy,Core_1_branch_prediction_accuracy,Core_2_branch_prediction_accuracy,Core_3_branch_prediction_accuracy,meta_selected_tsetlin,meta_selected_linucb,meta_selected_stride,meta_selected_pct_tsetlin,meta_selected_pct_linucb,meta_selected_pct_stride,meta_total_invocations,meta_all_empty,meta_stride_fallback,meta_explore,meta_greedy,meta_loser_boost,meta_sticky_switches,Filter
403.gcc-16B_4T,nopref,1.40478,1.40486,1.40485,1.40487,100000000,100000001,100000001,100000001,71185764,71181308,71181742,71181148,0,0,0,0,0,0,0,0,0,0,0,0,0,0,0,0,0,0,0,0,34594,24046,35699,24275,12376,11604,770,2,99.87315,99.87316,99.87316,99.87316,0,0,0,0,0,0,0,0,0,0,0,0,0,0
403.gcc-16B_4T,spp,1.40747,1.4081,1.40745,1.4081,100000000,100000000,100000001,100000001,71049668,71017788,71050256,71017480,25839,25644,26251,25902,41,41,45,36,58,57,52,51,2,3,5,2,103,103,102,89,32625,24045,36081,23838,14854,9654,741,0,99.87315,99.87324,99.87315,99.87324,0,0,0,0,0,0,0,0,0,0,0,0,0,0
403.gcc-16B_4T,bingo,1.41682,1.41847,1.41684,1.41846,100000000,100000001,100000001,100000001,70580437,70498745,70579726,70498940,21497,21468,21159,21661,2059,2472,2293,2292,2789,2206,2265,2548,67,72,57,85,5078,4916,4782,5075,32662,22499,33864,23006,24046,5372,693,66,99.87315,99.87339,99.87315,99.87339,0,0,0,0,0,0,0,0,0,0,0,0,0,0
403.gcc-16B_4T,mlop,1.41504,1.41692,1.41511,1.41699,100000000,100000001,100000001,100000001,70669480,70575749,70666031,70571881,18199,18494,18774,18361,0,0,0,0,0,0,0,0,0,0,0,0,0,0,0,0,34158,24591,36376,24731,20537,6175,695,18,99.87315,99.87342,99.87316,99.87343,0,0,0,0,0,0,0,0,0,0,0,0,0,0
403.gcc-16B_4T,pythia,1.4164,1.41858,1.41643,1.4186,100000000,100000001,100000001,100000001,70601531,70493270,70600169,70492071,79214,78185,78861,77867,9729,8826,10021,8722,18606,18000,19780,16476,247,289,337,329,29082,27591,30583,25977,23275,19100,25360,17275,20001,5658,700,23,99.87315,99.87347,99.87315,99.87346,0,0,0,0,0,0,0,0,0,0,0,0,0,0
403.gcc-16B_4T,linucb,1.41105,1.41111,1.41104,1.41112,100000000,100000001,100000001,100000001,70869436,70866088,70869825,70865702,43707,47949,48005,46014,7849,6158,6688,4760,13575,13477,13385,12491,157,240,319,645,21954,20187,20653,17887,28807,23907,22608,21717,17670,8398,701,16,99.87315,99.87316,99.87315,99.87316,0,0,0,0,0,0,0,0,0,0,0,0,0,0
403.gcc-16B_4T,tsetlin,1.41519,1.41637,1.4152,1.41519,100000000,100000001,100000001,100000001,70661748,70602997,70661334,70661773,83852,87065,85635,84403,10384,8547,9829,9888,36002,29575,35412,37376,206,297,210,285,47339,39136,46349,47917,33044,19461,28316,30524,23604,6412,684,61,99.87315,99.87332,99.87315,99.87315,0,0,0,0,0,0,0,0,0,0,0,0,0,0
403.gcc-16B_4T,meta_selector,1.41692,1.41754,1.41757,1.41761,100000000,100000001,100000001,100000001,70575855,70544984,70543034,70541150,127511,125873,123160,126124,12077,10737,10135,10988,46015,36939,40013,41516,430,406,337,583,59164,48855,51244,53600,25292,19201,18577,21807,24346,5977,673,66,99.87315,99.87324,99.87324,99.87325,33424,24727,21588,41.916752,31.00992,27.073326,79739,21176,21588,8739,20091,2885,18,0
429.mcf-184B_4T,nopref,0.08539,0.0854,0.0854,0.08538,100000003,100000001,100000000,100000002,1171127881,1170939479,1171009232,1171243269,0,0,0,0,0,0,0,0,0,0,0,0,0,0,0,0,0,0,0,0,10287482,10290294,10283433,10292548,5688006,5310391,44426,333189,92.6163,92.61671,92.6168,92.61607,0,0,0,0,0,0,0,0,0,0,0,0,0,0
429.mcf-184B_4T,spp,0.08327,0.08326,0.08338,0.08328,100000000,100000003,100000000,100000001,1200928921,1201102111,1199296848,1200751209,864088,852473,903993,834944,45,36,48,40,867,902,869,810,5,4,5,7,912,938,918,850,10297187,10295102,10295329,10296965,6035475,5416014,51112,330158,92.61654,92.61607,92.61947,92.617,0,0,0,0,0,0,0,0,0,0,0,0,0,0
429.mcf-184B_4T,bingo,0.04374,0.04358,0.04376,0.04357,100000000,100000003,100000001,100000000,2286387599,2294377436,2285016208,2295060333,129411111,128834558,128948652,128582400,589551,617298,656663,615038,1794759,1771603,1980309,1824300,9182,8995,9083,8950,2384570,2389189,2637401,2440216,10013537,9970769,9942083,9978110,46570037,6003446,28397,328340,92.62655,92.61691,92.62928,92.61663,0,0,0,0,0,0,0,0,0,0,0,0,0,0
429.mcf-184B_4T,mlop,0.08119,0.07904,0.08038,0.07913,100000002,100000003,100000000,100000003,1231683813,1265188132,1244070681,1263805068,14137007,14050200,13776095,13726109,1434418,1384235,1472892,1448323,1982350,1870978,2050740,1988387,299,266,278,384,3416768,3255843,3523632,3437196,9432405,9456107,9396387,9405839,12413246,3914048,68461,437601,92.64999,92.61645,92.64214,92.61873,0,0,0,0,0,0,0,0,0,0,0,0,0,0
429.mcf-184B_4T,pythia,0.08415,0.08415,0.08415,0.08415,100000000,100000003,100000000,100000000,1188408271,1188394153,1188393061,1188414107,12591112,12554002,12584576,12592486,2630960,2626153,2636035,2663964,6751542,6731384,6743148,6715752,7080,7115,7024,7027,9383702,9358874,9380477,9381062,8806743,8824838,8816006,8810312,8177196,3826851,57354,271219,92.61608,92.61608,92.61613,92.61626,0,0,0,0,0,0,0,0,0,0,0,0,0,0
429.mcf-184B_4T,linucb,0.08292,0.08292,0.08287,0.08342,100000003,100000001,100000000,100000001,1205985395,1205977951,1206725181,1198780948,13080798,13103768,13141855,13212335,2918238,2938424,2900556,3000786,8004863,8004779,8059235,8033142,4270,4456,4542,4533,10924612,10944745,10961355,11035427,8638273,8642735,8664037,8616127,9427397,3344494,58744,305884,92.61724,92.61759,92.61608,92.6297,0,0,0,0,0,0,0,0,0,0,0,0,0,0
429.mcf-184B_4T,tsetlin,0.07717,0.07752,0.07714,0.07826,100000002,100000000,100000000,100000003,1295844849,1289964905,1296421622,1277721202,24282253,24473312,24323521,24745877,1576433,1548515,1541372,1578049,19207405,19372345,19242144,19604742,4448,4403,4746,4359,20786114,20922435,20785834,21184695,10350876,10371579,10367714,10365448,13570546,4001782,50999,186686,92.61729,92.62658,92.6161,92.64039,0,0,0,0,0,0,0,0,0,0,0,0,0,0
429.mcf-184B_4T,meta_selector,0.07803,0.07803,0.07834,0.07805,100000001,100000002,100000000,100000003,1281479246,1281532799,1276508622,1281295624,27521759,27642872,27735373,27639422,2060754,2115592,2101844,2082202,20799438,20804141,20913566,20862175,6636,6715,6831,6708,22862565,22922187,23017744,22946844,10009920,9996219,9997331,10007404,13912705,3784455,51575,178345,92.61637,92.61666,92.62635,92.61683,8116774,6917304,790429,51.292427,43.712605,4.994967,15824507,788861,790429,567948,10527842,1108338,3925,0
433.milc-127B_4T,nopref,0.26446,0.26434,0.26363,0.26374,100000002,100000002,100000001,100000002,378135708,378306730,379317024,379155202,0,0,0,0,0,0,0,0,0,0,0,0,0,0,0,0,0,0,0,0,1563400,1563390,1563395,1563384,2271113,1559555,236756,474802,99.99864,99.99864,99.99864,99.99864,0,0,0,0,0,0,0,0,0,0,0,0,0,0
433.milc-127B_4T,spp,0.32209,0.32471,0.32636,0.33158,100000002,100000000,100000001,100000001,310469809,307968830,306413968,301586848,6224298,6347059,6465211,6476623,367942,373713,377651,412185,54655,57213,55644,50792,226581,228147,229427,236395,422653,430988,433354,463034,1239743,1238166,1236670,1212327,2209149,501488,236760,233774,99.99864,99.99865,99.99865,99.99865,0,0,0,0,0,0,0,0,0,0,0,0,0,0
433.milc-127B_4T,bingo,0.32326,0.32208,0.32166,0.32285,100000002,100000001,100000002,100000000,309348281,310480337,310886397,309742492,1628650,1625656,1622817,1625970,942229,939300,937762,939622,996,971,920,948,243917,243422,243172,243906,943247,940305,938699,940595,834579,835015,837524,835776,2295468,646277,236758,500259,99.99864,99.99864,99.99864,99.99864,0,0,0,0,0,0,0,0,0,0,0,0,0,0
433.milc-127B_4T,mlop,0.30637,0.30597,0.30622,0.30628,100000002,100000002,100000000,100000003,326401354,326833451,326566548,326497283,5763817,5747617,5761901,5764572,697379,697355,696144,697138,254448,253642,254103,254302,156464,155007,157381,156588,951939,951104,950357,951541,1080978,1081159,1081439,1081210,5488193,464530,236760,398098,99.99864,99.99864,99.99864,99.99864,0,0,0,0,0,0,0,0,0,0,0,0,0,0
433.milc-127B_4T,pythia,0.34194,0.34079,0.34205,0.34054,100000002,100000000,100000001,100000002,292453217,293439540,292351605,293649544,5036913,5026671,5038776,5023345,1150557,1146110,1150623,1145534,70850,70854,70871,70839,205624,206055,206026,205657,1221436,1216994,1221514,1216389,670067,671303,670587,671439,2266687,512926,236760,466434,99.99864,99.99864,99.99864,99.99864,0,0,0,0,0,0,0,0,0,0,0,0,0,0
433.milc-127B_4T,linucb,0.33051,0.32603,0.32826,0.33379,100000001,100000001,100000000,100000002,302559509,306723002,304635438,299586884,1417755,1380487,1385765,1443223,989871,954435,967325,997756,158799,148003,154459,151222,84273,90476,86948,96727,1148980,1102714,1122155,1149256,833062,860202,848039,830002,2476005,751196,236739,548197,99.99865,99.99864,99.99864,99.99865,0,0,0,0,0,0,0,0,0,0,0,0,0,0
433.milc-127B_4T,tsetlin,0.28759,0.28574,0.28556,0.28461,100000002,100000001,100000000,100000002,347719822,349971130,350185963,351360139,3438640,3466328,3449221,3446040,638478,616034,615845,617088,1716672,1718672,1705172,1679188,212936,245812,240289,246456,2356918,2336560,2322833,2298196,1051643,1071920,1073269,1073398,3515802,861793,236759,532598,99.99865,99.99864,99.99864,99.99864,0,0,0,0,0,0,0,0,0,0,0,0,0,0
433.milc-127B_4T,meta_selector,0.3185,0.31891,0.31927,0.31733,100000002,100000001,100000002,100000001,313973752,313565919,313213181,315127611,3882320,3914687,3907883,3910285,1022655,1035808,1029585,1022690,1239241,1229873,1236301,1234847,151062,150322,145722,150395,2263394,2267313,2267350,2259138,791874,780913,787585,789956,3232027,646096,236757,529154,99.99864,99.99864,99.99864,99.99864,973521,953908,142390,47.034111,46.08654,6.879345,2069819,69584,142390,68289,1046616,111090,43,0
450.soplex-247B_4T,nopref,0.2194,0.21906,0.21922,0.2187,100000000,100000002,100000000,100000000,455794293,456487373,456160467,457247163,0,0,0,0,0,0,0,0,0,0,0,0,0,0,0,0,0,0,0,0,3697127,3699540,3710920,3693782,3047054,2167543,483818,395693,95.13781,95.13766,95.13776,95.12361,0,0,0,0,0,0,0,0,0,0,0,0,0,0
450.soplex-247B_4T,spp,0.24343,0.2434,0.24327,0.24344,100000000,100000002,100000002,100000000,410803442,410842386,411073058,410787053,7665831,7681815,7651581,7674026,527782,526640,525245,526162,22346,22417,22445,22619,83059,82894,83635,83436,550139,549062,547693,548798,3310968,3286694,3322072,3326216,3611428,1666663,464166,265106,95.13754,95.13749,95.12363,95.13754,0,0,0,0,0,0,0,0,0,0,0,0,0,0
450.soplex-247B_4T,bingo,0.24814,0.24757,0.24783,0.24904,100000000,100000001,100000000,100000002,402998182,403928297,403496095,401548385,10617497,10574315,10617035,10648891,1007846,995379,991893,1006546,352343,348655,343426,341291,51537,51596,51476,50217,1360578,1344034,1335348,1348105,2850317,2859593,2866901,2853100,5671222,748048,501585,390520,95.13763,95.12399,95.13765,95.13454,0,0,0,0,0,0,0,0,0,0,0,0,0,0
450.soplex-247B_4T,mlop,0.23271,0.23264,0.23281,0.2325,100000002,100000000,100000001,100000003,429712601,429841279,429527537,430101390,4300325,4303224,4289688,4316142,692965,682568,672520,681715,314439,312623,308952,315844,75470,75449,74844,75568,1008140,995198,981694,997707,3142762,3151785,3180212,3146155,4830393,1233986,489438,471318,95.13765,95.1374,95.13775,95.12361,0,0,0,0,0,0,0,0,0,0,0,0,0,0
450.soplex-247B_4T,pythia,0.279,0.27651,0.27513,0.27711,100000000,100000000,100000000,100000000,358427105,361649042,363464825,360861751,17708360,16396064,16395799,16955058,2498774,2428926,2424015,2467649,2002055,1990508,1943020,1980568,273623,275038,235531,251180,4502458,4420533,4367061,4449210,1760033,1821613,1799798,1773762,4082849,713500,517895,520920,95.13182,95.13685,95.12376,95.13483,0,0,0,0,0,0,0,0,0,0,0,0,0,0
450.soplex-247B_4T,linucb,0.24703,0.24667,0.24727,0.24684,100000000,100000000,100000001,100000002,404810884,405407996,404424055,405115584,4958273,4948299,5005993,4938503,1672698,1637609,1646537,1667919,1440949,1419184,1433622,1431937,261592,280739,302511,259922,3114733,3056845,3081304,3100386,2509888,2540014,2517057,2503931,3742961,1228805,509659,508245,95.13759,95.12517,95.1377,95.13757,0,0,0,0,0,0,0,0,0,0,0,0,0,0
450.soplex-247B_4T,tsetlin,0.24294,0.24344,0.24326,0.24311,100000000,100000002,100000002,100000001,411623100,410777543,411078437,411342031,6958814,6983394,6921445,6926817,1650186,1657007,1638477,1638820,1828478,1874720,1819118,1837452,183901,185247,181145,183636,3478691,3533158,3458716,3476859,2480627,2511760,2483698,2505106,4024035,1244751,513132,479150,95.12361,95.13774,95.13766,95.13755,0,0,0,0,0,0,0,0,0,0,0,0,0,0
450.soplex-247B_4T,meta_selector,0.25228,0.25398,0.25303,0.25268,100000000,100000003,100000001,100000003,396392685,393731541,395213570,395765090,10227510,10405366,10297291,10275512,2125555,2171536,2140049,2123967,2488952,2465677,2511337,2505338,232168,245935,223874,235514,4614619,4638235,4652929,4630876,2139502,2094261,2136052,2135954,4137979,994641,514148,544852,95.12361,95.1344,95.13786,95.1377,2651347,2530877,222429,49.056747,46.827744,4.11551,5404653,175959,222429,182316,3350432,352899,559,0
462.libquantum-1343B_4T,nopref,0.24667,0.24784,0.24787,0.24667,100000000,100000000,100000000,100000000,405395795,403478655,403430718,405407028,0,0,0,0,0,0,0,0,0,0,0,0,0,0,0,0,0,0,0,0,2527504,2527504,2527505,2527504,2891218,2494736,9,396473,96.19738,96.20056,96.2003,96.19723,0,0,0,0,0,0,0,0,0,0,0,0,0,0
462.libquantum-1343B_4T,spp,0.42293,0.42121,0.42276,0.42254,100000002,100000000,100000000,100000000,236445844,237409121,236543097,236663739,21582324,21489568,21558998,21549827,1081914,1078356,1083427,1080098,7,6,6,6,783719,778724,780852,783237,1081921,1078362,1083433,1080105,1781180,1780537,1779157,1782010,2551268,277363,18,23687,96.20015,96.19723,96.20115,96.2003,0,0,0,0,0,0,0,0,0,0,0,0,0,0
462.libquantum-1343B_4T,bingo,0.54074,0.5417,0.54056,0.54049,100000001,100000000,100000001,100000003,184931835,184603320,184992840,185018074,2876953,2882689,2876427,2875435,2691443,2695776,2689331,2688683,180,181,181,181,146513,147836,148125,147743,2691636,2695959,2689512,2688884,271518,272784,273023,273066,2991456,123702,13,491058,96.19789,96.19992,96.19841,96.19725,0,0,0,0,0,0,0,0,0,0,0,0,0,0
462.libquantum-1343B_4T,mlop,0.50315,0.50522,0.50532,0.50172,100000002,100000000,100000000,100000000,198748503,197932388,197895928,199314365,2942144,2954221,2954664,2933149,2622109,2635455,2636197,2613063,352,367,369,366,287173,285803,285478,287254,2622465,2635833,2636576,2613429,357982,355409,355210,358843,3009783,70676,11,508125,96.2007,96.20378,96.20327,96.19723,0,0,0,0,0,0,0,0,0,0,0,0,0,0
462.libquantum-1343B_4T,pythia,0.41361,0.41178,0.41377,0.41326,100000000,100000000,100000001,100000000,241770801,242847073,241682692,241976451,15385144,15321138,15390614,15372834,1950860,1937916,1950380,1945998,37,35,35,37,944610,945490,946120,947135,1950898,1937952,1950417,1946035,1029125,1034455,1030186,1032654,2981301,87840,13,481867,96.20055,96.19723,96.20142,96.19966,0,0,0,0,0,0,0,0,0,0,0,0,0,0
462.libquantum-1343B_4T,linucb,0.40019,0.39687,0.37143,0.34018,100000003,100000000,100000000,100000003,249881438,251973256,269230202,293958452,13933593,13565732,11155544,7271367,2025004,1988764,1770766,1444774,127,127,106,102,1284587,1269343,1288831,1251577,2025133,1988892,1770876,1444877,1170514,1175504,1280501,1405718,3204618,97709,14,687950,96.60167,96.57829,96.36575,96.19737,0,0,0,0,0,0,0,0,0,0,0,0,0,0
462.libquantum-1343B_4T,tsetlin,0.34657,0.34282,0.34294,0.34644,100000001,100000003,100000000,100000000,288545080,291700559,291594014,288654016,5757831,5705481,5706920,5755733,1350807,1333127,1333264,1348949,78,68,71,71,1506431,1496872,1497795,1507580,1350885,1333196,1333335,1349020,1630650,1638115,1638369,1632460,3093512,140892,11,588012,96.2048,96.19731,96.19842,96.20465,0,0,0,0,0,0,0,0,0,0,0,0,0,0
462.libquantum-1343B_4T,meta_selector,0.37191,0.37129,0.36902,0.36945,100000000,100000003,100000001,100000001,268879605,269331894,270987691,270676104,8800603,8824162,8619985,8673909,1706417,1699101,1675908,1688550,99,104,108,120,1123015,1126437,1110474,1115930,1706516,1699206,1676017,1688670,1234290,1239413,1237931,1237210,3222059,119863,15,705794,96.20293,96.20274,96.19582,96.19746,1977409,955633,50024,66.287804,32.035259,1.676932,2983066,0,50024,146349,2511659,265421,122,0
470.lbm-1274B_4T,nopref,0.30383,0.30327,0.30354,0.3035,100000003,100000000,100000002,100000003,329132370,329741570,329442014,329492791,0,0,0,0,0,0,0,0,0,0,0,0,0,0,0,0,0,0,0,0,711034,711030,711030,711029,4070983,711034,2029407,1330542,99.79508,99.79514,99.79511,99.79508,0,0,0,0,0,0,0,0,0,0,0,0,0,0
470.lbm-1274B_4T,spp,0.32943,0.33092,0.32754,0.33108,100000002,100000003,100000001,100000003,303551218,302190572,305307294,302038810,5542995,5561669,5511369,5562579,309641,309615,309740,310461,14,12,12,14,137595,138515,137134,138197,309655,309627,309752,310476,480176,481308,478824,480642,4320298,72734,2146445,1462657,99.79514,99.79507,99.79514,99.79514,0,0,0,0,0,0,0,0,0,0,0,0,0,0
470.lbm-1274B_4T,bingo,0.34883,0.34575,0.34308,0.34572,100000003,100000003,100000002,100000002,286675633,289229700,291475635,289255492,833899,827701,822555,828415,787250,781802,777399,782417,0,0,0,0,42014,41278,40635,41409,787265,781823,777411,782421,66115,65749,65383,65767,4169821,25676,2022176,1436614,99.79513,99.79509,99.79514,99.79516,0,0,0,0,0,0,0,0,0,0,0,0,0,0
470.lbm-1274B_4T,mlop,0.33287,0.33498,0.33641,0.33084,100000001,100000003,100000002,100000000,300416217,298523502,297253660,302259276,1430483,1437951,1443049,1423365,804563,808624,811439,800751,6,6,6,6,11855,12047,12142,11608,804581,808630,811456,800772,45180,45315,45352,44999,4225433,33491,2115097,1398959,99.7951,99.79511,99.79513,99.79507,0,0,0,0,0,0,0,0,0,0,0,0,0,0
470.lbm-1274B_4T,pythia,0.34047,0.34185,0.34197,0.3409,100000003,100000000,100000001,100000003,293710578,292525551,292422500,293342740,2775413,2784524,2785288,2778268,677974,678932,678713,678009,42,42,42,42,121160,122807,123192,121900,678019,678977,678762,678054,165560,166817,167215,166342,4192462,45168,2032289,1449123,99.79514,99.79509,99.79508,99.79504,0,0,0,0,0,0,0,0,0,0,0,0,0,0
470.lbm-1274B_4T,linucb,0.3296,0.3278,0.33096,0.32447,100000003,100000003,100000000,100000001,303399330,305066422,302153560,308197707,717345,698679,716162,700328,534390,523705,545060,519625,80,74,78,75,4491,7721,3141,5606,534491,523797,545149,519716,270993,285012,265368,286342,4340845,266672,2037312,1592420,99.79506,99.79516,99.79514,99.79514,0,0,0,0,0,0,0,0,0,0,0,0,0,0
470.lbm-1274B_4T,tsetlin,0.33546,0.34239,0.33787,0.34074,100000000,100000001,100000003,100000002,298102082,292063414,295968372,293477914,1374894,1403226,1402324,1385860,686359,718073,698689,711344,74,73,73,74,83571,45739,90207,45340,686438,718151,698762,711425,144479,128735,147012,128796,4375968,61005,2046374,1618501,99.79507,99.79512,99.79506,99.79512,0,0,0,0,0,0,0,0,0,0,0,0,0,0
470.lbm-1274B_4T,meta_selector,0.3444,0.33169,0.30681,0.34827,100000003,100000001,100000001,100000000,290356238,301485924,325929303,287136504,1850564,1647501,1466845,1824235,731991,678776,607692,740823,106,106,80,113,36687,33495,12587,20778,732130,678902,607797,740963,157786,175919,205422,152189,4357680,126175,2033450,1613092,99.79508,99.79513,99.79514,99.79511,474992,383333,89336,50.122566,40.450436,9.427,947661,37715,89336,39930,524100,56323,23,0
471.omnetpp-188B_4T,nopref,0.23621,0.23602,0.23605,0.23609,100000001,100000000,100000000,100000000,423346958,423687291,423638072,423574411,0,0,0,0,0,0,0,0,0,0,0,0,0,0,0,0,0,0,0,0,1859955,1859806,1859213,1860094,1992726,1418065,247845,326816,97.20751,97.20705,97.20717,97.2073,0,0,0,0,0,0,0,0,0,0,0,0,0,0
471.omnetpp-188B_4T,spp,0.24524,0.2453,0.24543,0.24546,100000000,100000000,100000000,100000000,407757624,407663180,407451083,407402438,1517912,1535260,1598827,1542326,59561,59404,59934,59987,7887,7745,7830,7886,17622,17719,17903,17761,67454,67162,67772,67880,1814310,1815032,1814375,1814362,2148835,1174241,261272,194647,97.20705,97.20726,97.20752,97.20749,0,0,0,0,0,0,0,0,0,0,0,0,0,0
471.omnetpp-188B_4T,bingo,0.26239,0.26218,0.26238,0.26208,100000000,100000002,100000000,100000000,381108839,381413424,381132759,381563906,3469941,3465522,3466955,3465907,574806,574329,574651,574492,226558,226084,225984,226205,35225,34634,35073,34831,801676,800649,800936,800885,1397841,1397391,1397234,1397689,3384149,778230,235968,272944,97.20724,97.20732,97.20723,97.20705,0,0,0,0,0,0,0,0,0,0,0,0,0,0
471.omnetpp-188B_4T,mlop,0.23234,0.23219,0.23264,0.23254,100000002,100000000,100000000,100000000,430402715,430678074,429848273,430038459,2397447,2406454,2404434,2408714,0,0,0,0,0,0,0,0,0,0,0,0,0,0,0,0,1859964,1859370,1859421,1859466,3199355,1146105,221723,316384,97.20748,97.20705,97.20724,97.20724,0,0,0,0,0,0,0,0,0,0,0,0,0,0
471.omnetpp-188B_4T,pythia,0.24689,0.24724,0.24689,0.24651,100000000,100000000,100000001,100000003,405038781,404462411,405032843,405656140,2451525,2470525,2470939,2430212,599330,614058,602105,588165,1025386,1020978,1031732,1011870,108524,111367,112812,108716,1625778,1636111,1634869,1601008,1432576,1421970,1430829,1439758,2769172,988447,227509,354976,97.20723,97.20593,97.20724,97.20709,0,0,0,0,0,0,0,0,0,0,0,0,0,0
471.omnetpp-188B_4T,linucb,0.23733,0.23713,0.2371,0.23737,100000002,100000000,100000001,100000003,421359187,421710918,421769669,421284226,2240093,2240990,2242583,2246437,452378,449251,451022,455002,1089219,1082944,1082485,1083338,84828,86928,85679,87842,1542587,1533097,1534347,1539323,1562930,1564125,1563948,1562692,2820178,1121976,220303,354309,97.20727,97.20719,97.20705,97.20721,0,0,0,0,0,0,0,0,0,0,0,0,0,0
471.omnetpp-188B_4T,tsetlin,0.22494,0.22456,0.22479,0.22441,100000001,100000001,100000001,100000000,444566323,445315579,444855065,445607971,4110592,4090688,4108494,4074819,487456,483170,483793,481249,2584173,2583074,2586252,2573331,76345,74427,76263,73971,3073348,3068087,3071702,3056311,1569655,1569876,1568974,1573291,4081156,1130109,215111,418037,97.20711,97.20747,97.20724,97.20705,0,0,0,0,0,0,0,0,0,0,0,0,0,0
471.omnetpp-188B_4T,meta_selector,0.22918,0.2295,0.2296,0.22944,100000000,100000000,100000000,100000002,436344404,435739302,435541795,435845265,4694832,4700351,4705066,4702520,601492,600487,603480,604676,2501417,2510680,2498198,2493123,107196,106938,108788,109029,3104558,3112863,3103339,3099578,1488736,1491875,1488126,1489232,3980637,1048337,204150,410855,97.20705,97.20723,97.20721,97.20723,1161211,1286310,98372,45.611149,50.524902,3.863949,2545893,96105,98372,111487,1809838,191950,576,0
473.astar-359B_4T,nopref,0.11558,0.11555,0.11558,0.11555,100000003,100000002,100000000,100000001,865233392,865394313,865229258,865422631,0,0,0,0,0,0,0,0,0,0,0,0,0,0,0,0,0,0,0,0,2060106,2060574,2060837,2061285,4952807,1895044,1315111,1742652,88.05399,88.05447,88.05399,88.0545,0,0,0,0,0,0,0,0,0,0,0,0,0,0
473.astar-359B_4T,spp,0.1147,0.1147,0.1147,0.1147,100000001,100000001,100000000,100000001,871821987,871822992,871825036,871804462,2402199,2421796,2412431,2396012,128717,128697,128965,128653,9494,9713,9447,9510,51679,51206,50795,50921,138243,138441,138454,138199,1968159,1968719,1968696,1968173,5636273,1675790,1525254,1811732,88.05452,88.05451,88.05451,88.05444,0,0,0,0,0,0,0,0,0,0,0,0,0,0
473.astar-359B_4T,bingo,0.11131,0.1113,0.11135,0.11132,100000002,100000002,100000001,100000000,898366366,898485356,898061041,898302009,13154220,13153401,13111765,13051110,645006,653991,620249,623813,972548,972041,975586,972565,13805,14078,13489,13444,1618805,1627316,1597088,1597659,1618641,1611499,1641708,1635874,10735981,1146526,1628591,2105188,88.05444,88.05471,88.05354,88.05421,0,0,0,0,0,0,0,0,0,0,0,0,0,0
473.astar-359B_4T,mlop,0.11899,0.11899,0.119,0.11898,100000000,100000002,100000001,100000000,840380525,840387684,840354930,840477572,2627477,2616470,2598019,2626884,240875,238875,239106,240963,138744,155993,160015,136542,5087,5099,4728,4961,379619,394868,399121,377505,1868125,1870118,1869210,1868548,6975779,1267612,1573109,2148239,88.05423,88.05424,88.05411,88.05453,0,0,0,0,0,0,0,0,0,0,0,0,0,0
473.astar-359B_4T,pythia,0.1235,0.12351,0.12351,0.12352,100000001,100000000,100000001,100000000,809711073,809648145,809671323,809598856,5191169,5183319,5189013,5193826,787852,785682,787296,786682,1506615,1506451,1503377,1508555,42838,43241,42825,42723,2295995,2293637,2292212,2296738,1530199,1535134,1529732,1529968,6312498,1208488,1503755,1875437,88.05452,88.05439,88.05443,88.05419,0,0,0,0,0,0,0,0,0,0,0,0,0,0
473.astar-359B_4T,linucb,0.1218,0.12176,0.12179,0.1218,100000001,100000001,100000001,100000000,821030614,821263970,821052738,820987752,3781173,3783359,3777756,3801550,608150,560267,615520,595251,1556405,1703206,1541411,1732018,149665,156403,147214,136569,2166103,2265155,2158468,2328825,1667625,1712850,1662555,1688907,6281300,1260697,1490399,1837730,88.054,88.05453,88.05397,88.05386,0,0,0,0,0,0,0,0,0,0,0,0,0,0
473.astar-359B_4T,tsetlin,0.10798,0.10797,0.10799,0.10798,100000000,100000002,100000000,100000001,926072156,926161231,926034161,926093407,7188901,7187308,7189053,7170821,408593,402235,400847,399094,5464272,5454206,5469746,5452226,84998,93533,88937,89393,5875354,5858982,5873145,5853811,2133267,2145253,2144597,2142508,9170065,1477342,1522045,1834940,88.05431,88.05463,88.05424,88.0544,0,0,0,0,0,0,0,0,0,0,0,0,0,0
473.astar-359B_4T,meta_selector,0.11253,0.11254,0.11254,0.11254,100000000,100000001,100000000,100000001,888646627,888551279,888547168,888565495,7996066,7981661,7957385,7980878,599798,581783,582796,595255,5042317,5098925,5055119,5030540,83049,86414,88050,85647,5644617,5683094,5640354,5628332,1992583,2003885,1994160,1993612,8523556,1295802,1543418,1775921,88.05452,88.05424,88.05428,88.05439,2067452,1976378,106844,49.810032,47.615829,2.574136,4150674,99485,106844,187546,3266062,344925,1132,0
483.xalancbmk-127B_4T,nopref,0.22026,0.22027,0.22118,0.22253,100000000,100000000,100000001,100000001,454006303,453997396,452130012,449384175,0,0,0,0,0,0,0,0,0,0,0,0,0,0,0,0,0,0,0,0,2786353,2786045,2785849,2786170,2164277,2155738,5877,2662,99.09896,99.09898,99.10073,99.10203,0,0,0,0,0,0,0,0,0,0,0,0,0,0
483.xalancbmk-127B_4T,spp,0.21961,0.21896,0.21918,0.21944,100000001,100000001,100000000,100000000,455348756,456703174,456248954,455697512,704917,696263,704431,695911,3414,3377,3639,3620,799,772,842,809,925,903,912,916,4213,4152,4484,4429,2784513,2784274,2784975,2784302,2437650,2192244,5945,896,99.10005,99.09897,99.09935,99.09983,0,0,0,0,0,0,0,0,0,0,0,0,0,0
483.xalancbmk-127B_4T,bingo,0.25635,0.25608,0.25601,0.25618,100000003,100000000,100000001,100000001,390092755,390508720,390606986,390350865,9072718,9065385,9070632,9065903,241588,243202,243685,242701,153263,154426,153956,151328,56734,56903,56931,56859,394945,397851,397944,394173,2587932,2586476,2586513,2587599,8197788,1020534,8679,5692,99.09931,99.09899,99.09897,99.09913,0,0,0,0,0,0,0,0,0,0,0,0,0,0
483.xalancbmk-127B_4T,mlop,0.24846,0.24832,0.24833,0.24823,100000002,100000002,100000000,100000001,402474179,402712414,402684868,402856543,4418764,4409008,4412645,4408758,2772,2815,2776,3069,3498,4110,3044,2780,536,260,523,298,6270,6925,5820,5849,2783317,2783393,2783858,2782753,4620792,1546231,7082,2819,99.09925,99.09905,99.09907,99.09897,0,0,0,0,0,0,0,0,0,0,0,0,0,0
483.xalancbmk-127B_4T,pythia,0.26382,0.26293,0.26307,0.2629,100000001,100000002,100000001,100000002,379039776,380328039,380124896,380366175,6202926,6772448,6652802,6687163,1164569,1196635,1195954,1197445,1708486,1787418,1782471,1786420,268215,272573,266652,265743,2874353,2985540,2980013,2985438,1894406,1855675,1858132,1856000,3416432,1324895,5365,3297,99.10039,99.09901,99.09925,99.09897,0,0,0,0,0,0,0,0,0,0,0,0,0,0
483.xalancbmk-127B_4T,linucb,0.2488,0.24962,0.24882,0.2495,100000002,100000001,100000000,100000002,401926328,400610976,401890299,400798153,3171752,3135837,3187936,3216515,824859,828014,829251,832051,1231501,1242322,1233493,1237419,216753,202819,221463,234780,2057761,2071209,2064055,2070383,2145361,2144978,2143784,2140569,3148169,1572897,5362,1486,99.09896,99.10028,99.099,99.10005,0,0,0,0,0,0,0,0,0,0,0,0,0,0
483.xalancbmk-127B_4T,tsetlin,0.24011,0.24013,0.24025,0.24,100000001,100000000,100000002,100000000,416475780,416444117,416235312,416666546,5413679,5431857,5421885,5401027,1032971,1034602,1036700,1024772,2514553,2493782,2489211,2501757,123924,126454,126390,122418,3549295,3530082,3527481,3528661,1980320,1982460,1979024,1988102,4302512,1579092,4998,1535,99.09917,99.09919,99.09943,99.09896,0,0,0,0,0,0,0,0,0,0,0,0,0,0
483.xalancbmk-127B_4T,meta_selector,0.24992,0.24973,0.24958,0.2495,100000001,100000000,100000000,100000001,400122314,400437684,400669079,400798695,6347479,6333479,6337051,6341347,1144653,1143827,1141967,1146493,2429480,2421479,2427315,2418463,197096,201374,198721,198436,3575557,3566928,3570839,3567056,1892902,1892738,1896223,1892890,4174712,1435806,4979,1147,99.09968,99.09933,99.09911,99.09896,1693783,1674831,115922,48.608566,48.064678,3.326756,3484536,111768,115922,133379,2511576,264112,289,0
602.gcc_s-1850B_4T,nopref,0.22714,0.2272,0.2272,0.22713,100000003,100000001,100000000,100000000,440256117,440138315,440147671,440282184,0,0,0,0,0,0,0,0,0,0,0,0,0,0,0,0,0,0,0,0,1776648,1776739,1776680,1776766,1779118,1775959,788,2371,96.286,96.286,96.28602,96.286,0,0,0,0,0,0,0,0,0,0,0,0,0,0
602.gcc_s-1850B_4T,spp,0.35762,0.35763,0.35761,0.35743,100000000,100000001,100000001,100000000,279623784,279619075,279636898,279771386,15405365,15392050,15250375,15388859,1190743,1190764,1190667,1189511,3313,3297,3306,3221,250556,250339,250289,250308,1194064,1194065,1193980,1192745,822206,822125,822652,822674,1797663,59009,254,447,96.2861,96.2861,96.28615,96.286,0,0,0,0,0,0,0,0,0,0,0,0,0,0
602.gcc_s-1850B_4T,bingo,0.37582,0.37585,0.3757,0.37577,100000000,100000003,100000003,100000001,266081823,266065211,266167833,266118057,2196163,2196092,2195246,2223826,2016832,2017112,2015665,2016778,40043,39255,39628,43212,948,923,1026,1094,2057053,2056536,2055480,2060147,93993,93623,94258,94167,1859195,64699,335,1067,96.28599,96.28599,96.286,96.28612,0,0,0,0,0,0,0,0,0,0,0,0,0,0
602.gcc_s-1850B_4T,mlop,0.38176,0.38187,0.3819,0.38181,100000001,100000000,100000003,100000000,261941927,261871624,261851368,261908145,3156137,3157223,3163762,3149632,2085741,2086014,2085946,2086295,126467,117375,118716,112793,2186,2155,2164,2193,2212465,2203637,2204874,2199327,38849,39065,39170,39026,1834126,35648,9,493,96.286,96.28603,96.28602,96.28598,0,0,0,0,0,0,0,0,0,0,0,0,0,0
602.gcc_s-1850B_4T,pythia,0.37544,0.37547,0.37545,0.37555,100000003,100000000,100000001,100000003,266356796,266333143,266345089,266276779,11754574,11755943,11755329,11756617,2018367,2018841,2018906,2019273,24941,24712,24934,24939,66956,66656,66600,66616,2043430,2043668,2043949,2044334,106400,106057,105869,106104,1794776,39215,20,1893,96.286,96.28597,96.28602,96.28602,0,0,0,0,0,0,0,0,0,0,0,0,0,0
602.gcc_s-1850B_4T,linucb,0.32654,0.32599,0.32631,0.3263,100000003,100000000,100000001,100000001,306243642,306753933,306461073,306471038,3629493,3707034,3647006,3549985,1486529,1471104,1476678,1500484,26509,28567,29251,31962,326152,330317,329068,261031,1513146,1499787,1506053,1532559,591077,602220,605080,567130,1790239,265452,119,2175,96.28624,96.28605,96.28608,96.28604,0,0,0,0,0,0,0,0,0,0,0,0,0,0
602.gcc_s-1850B_4T,tsetlin,0.33698,0.33301,0.33473,0.33443,100000002,100000001,100000002,100000003,296754929,300289575,298744963,299014204,5163923,4974691,5093486,5047488,1637625,1586459,1612436,1608950,93075,95553,102809,104044,153245,127793,136001,122905,1730932,1682288,1715536,1713240,454495,475697,465834,459808,1803830,303088,103,1747,96.28675,96.286,96.28628,96.28624,0,0,0,0,0,0,0,0,0,0,0,0,0,0
602.gcc_s-1850B_4T,meta_selector,0.35255,0.34918,0.35078,0.35091,100000002,100000003,100000003,100000001,283648090,286387527,285075088,284969760,7954598,7828855,8102558,8039581,1794239,1759660,1782923,1784492,94154,100098,106833,116659,123632,105673,104422,97903,1888635,1860095,1890038,1901517,310694,328457,315061,310404,1808061,188017,48,1690,96.2866,96.286,96.28627,96.28628,1976049,1135884,159848,60.396736,34.717606,4.885657,3271781,105323,159848,117896,2185292,230380,742,0
605.mcf_s-994B_4T,nopref,0.21622,0.21628,0.21627,0.2163,100000000,100000000,100000000,100000002,462492219,462356551,462389841,462330344,0,0,0,0,0,0,0,0,0,0,0,0,0,0,0,0,0,0,0,0,2509893,2510812,2510888,2510300,1671399,1627218,693,43488,92.543,92.5427,92.5427,92.54275,0,0,0,0,0,0,0,0,0,0,0,0,0,0
605.mcf_s-994B_4T,spp,0.2191,0.21908,0.2191,0.21913,100000003,100000001,100000000,100000002,456402740,456444697,456405459,456346557,1719711,1686160,1673371,1681345,34917,31250,32585,34707,16910,15957,15968,16512,7800,7205,7191,7544,51858,47231,48580,51252,2487210,2490406,2488665,2487303,1971061,1565436,666,139,92.54285,92.54301,92.54289,92.5427,0,0,0,0,0,0,0,0,0,0,0,0,0,0
605.mcf_s-994B_4T,bingo,0.15405,0.15361,0.15576,0.1535,100000001,100000003,100000000,100000002,649122652,651016037,642032476,651463226,16154130,16140730,16259666,16126523,290744,291222,297196,291514,129746,129919,131518,129328,329458,328808,330154,328528,421111,421596,428719,421269,2284250,2285105,2282510,2283172,13304688,1575364,1961,104591,92.53833,92.54291,92.52963,92.54309,0,0,0,0,0,0,0,0,0,0,0,0,0,0
605.mcf_s-994B_4T,mlop,0.21109,0.21109,0.2111,0.21109,100000000,100000003,100000000,100000002,473741466,473729682,473715726,473735224,2210415,2216447,2212368,2207975,11672,11585,12449,12020,39836,39377,41498,38930,6431,6447,5865,6582,51940,50962,53947,50950,2512754,2514226,2512175,2511185,2694173,1562230,1045,31823,92.54304,92.54295,92.54288,92.543,0,0,0,0,0,0,0,0,0,0,0,0,0,0
605.mcf_s-994B_4T,pythia,0.218,0.21802,0.21803,0.21792,100000000,100000002,100000000,100000001,458721739,458669859,458654495,458882276,4710231,4751180,4770016,4675558,591630,592669,595599,591461,987923,979722,983163,993260,349491,349761,348622,347769,1581083,1573856,1580197,1586435,2209657,2197960,2199380,2214962,2451734,1295213,472,50182,92.54272,92.54276,92.5427,92.54305,0,0,0,0,0,0,0,0,0,0,0,0,0,0
605.mcf_s-994B_4T,linucb,0.20758,0.2076,0.20755,0.2076,100000002,100000002,100000000,100000001,481740178,481696638,481804491,481691921,4081971,4083129,4086058,4087278,545220,545037,547059,547390,1754656,1754250,1755653,1754767,328890,330230,329440,329847,2301558,2300932,2304378,2303802,2363082,2363203,2360685,2359531,3086472,1444782,590,53846,92.54278,92.54271,92.54303,92.54273,0,0,0,0,0,0,0,0,0,0,0,0,0,0
605.mcf_s-994B_4T,tsetlin,0.18579,0.1849,0.18806,0.18511,100000002,100000000,100000001,100000003,538233259,540825200,531748010,540207924,6626031,6616177,6679501,6607456,306533,311010,309662,308481,4609376,4596633,4637714,4585782,143006,143292,145263,143372,4918167,4910117,4949343,4896852,2757962,2758876,2752369,2757600,5768422,1990287,641,61025,92.53734,92.54306,92.52972,92.54213,0,0,0,0,0,0,0,0,0,0,0,0,0,0
605.mcf_s-994B_4T,meta_selector,0.18896,0.189,0.18984,0.19233,100000000,100000000,100000003,100000002,529208764,529090007,526763887,519932101,7832497,7830662,7834949,7881672,498642,496371,496642,495262,4417150,4407092,4408418,4419717,276559,275225,276445,277925,4918327,4905906,4907357,4917097,2617989,2612126,2611147,2605849,5487382,1780052,640,63462,92.543,92.54273,92.53754,92.52989,2049372,2214581,119315,46.754429,50.523514,2.722056,4383268,118472,119315,195692,3391729,358326,443,0
620.omnetpp_s-141B_4T,nopref,0.22552,0.22614,0.22555,0.22614,100000002,100000000,100000000,100000001,443427786,442205461,443368949,442206371,0,0,0,0,0,0,0,0,0,0,0,0,0,0,0,0,0,0,0,0,1323471,1321470,1322130,1322510,1210458,902869,118283,189306,96.09912,96.10213,96.09939,96.10213,0,0,0,0,0,0,0,0,0,0,0,0,0,0
620.omnetpp_s-141B_4T,spp,0.22678,0.22602,0.22593,0.22678,100000000,100000000,100000001,100000001,440952301,442445214,442607084,440952553,400565,398853,399240,400552,137,121,146,141,102,136,129,127,36,50,54,54,239,257,275,268,1319932,1320355,1320994,1321925,1297893,866320,118021,166091,96.10092,96.09956,96.09911,96.10093,0,0,0,0,0,0,0,0,0,0,0,0,0,0
620.omnetpp_s-141B_4T,bingo,0.23284,0.23282,0.23282,0.23283,100000002,100000000,100000002,100000000,429487798,429509257,429521458,429501725,4147704,4123057,4131051,4143634,299259,299089,297816,298920,412622,412654,408791,409495,5398,5425,5383,5364,712573,712470,707314,709104,1115654,1114487,1116088,1114791,2596861,542572,93361,122200,96.09938,96.09919,96.09911,96.09929,0,0,0,0,0,0,0,0,0,0,0,0,0,0
620.omnetpp_s-141B_4T,mlop,0.22721,0.22714,0.22713,0.22714,100000000,100000000,100000000,100000003,440112809,440254193,440283260,440258159,1546036,1543335,1548209,1529521,0,0,207,218,0,0,531,573,0,0,11,12,0,0,738,791,1322570,1321227,1322645,1322091,1930744,745145,90857,167119,96.09958,96.09932,96.09912,96.09934,0,0,0,0,0,0,0,0,0,0,0,0,0,0
620.omnetpp_s-141B_4T,pythia,0.23188,0.23175,0.23151,0.2316,100000000,100000000,100000001,100000000,431259550,431502527,431944559,431771293,2245405,2209203,2199553,2212732,437549,433550,429569,432971,913237,907231,899287,910558,17450,17770,17730,17796,1352032,1342054,1330130,1344845,1079162,1081913,1085034,1084303,1705501,678311,95105,176549,96.10114,96.10033,96.09912,96.09956,0,0,0,0,0,0,0,0,0,0,0,0,0,0
620.omnetpp_s-141B_4T,linucb,0.22926,0.22937,0.2296,0.22962,100000001,100000000,100000001,100000002,436184113,435982104,435544240,435499693,1884280,1890368,1890255,1887794,311386,314755,310474,313065,829761,835105,840984,838575,19967,19990,20059,20033,1142330,1150992,1152657,1152819,1171777,1169518,1169339,1169364,1659785,750566,101107,176311,96.09912,96.09958,96.10104,96.10114,0,0,0,0,0,0,0,0,0,0,0,0,0,0
620.omnetpp_s-141B_4T,tsetlin,0.22142,0.22121,0.22121,0.22121,100000000,100000002,100000000,100000000,451623850,452051930,452053472,452065446,3565153,3558481,3553099,3563067,328787,328070,325763,328078,2436097,2429603,2429790,2440743,12008,12450,12061,12157,2766911,2759802,2757815,2770911,1220449,1222560,1222948,1221124,2789031,770366,103356,194691,96.10034,96.09924,96.09921,96.0991,0,0,0,0,0,0,0,0,0,0,0,0,0,0
620.omnetpp_s-141B_4T,meta_selector,0.22418,0.22374,0.2241,0.22382,100000000,100000000,100000000,100000003,446074576,446953814,446224741,446787452,4122945,4101281,4114519,4100616,429259,414087,421659,410076,2342784,2371091,2357992,2371011,19306,18478,19499,18379,2774047,2787314,2781689,2783142,1154502,1169194,1160113,1167363,2659436,718328,97786,188000,96.10161,96.09914,96.1012,96.09958,1077456,1056481,109227,48.032867,47.097801,4.869328,2243164,108716,109227,92621,1464220,155553,747,0
ligra_BFS.com-lj.ungraph.gcc_6.3.0_O3.drop_3500M.length_250M_4T,nopref,0.96172,0.96156,0.96156,0.96239,40000000,40000000,40000000,40000000,41592279,41598958,41599008,41563300,0,0,0,0,0,0,0,0,0,0,0,0,0,0,0,0,0,0,0,0,71568,71568,71568,71568,163772,71568,71568,20636,98.83186,98.83181,98.83182,98.832,0,0,0,0,0,0,0,0,0,0,0,0,0,0
ligra_BFS.com-lj.ungraph.gcc_6.3.0_O3.drop_3500M.length_250M_4T,spp,1.36388,1.36418,1.36383,1.36371,40000001,40000000,40000000,40000001,29328006,29321535,29329069,29331666,643333,645394,643118,642750,65655,65638,65564,65589,0,0,0,0,0,0,1,1,65656,65639,65565,65589,19034,19037,19133,19066,174368,1539,71568,31232,98.83184,98.8318,98.83185,98.83183,0,0,0,0,0,0,0,0,0,0,0,0,0,0
ligra_BFS.com-lj.ungraph.gcc_6.3.0_O3.drop_3500M.length_250M_4T,bingo,1.37117,1.37104,1.3709,1.37118,40000000,40000002,40000000,40000000,29172077,29174865,29177927,29171869,82739,82739,82739,82739,82729,82718,82709,82729,0,0,0,0,0,4,4,0,82739,82735,82735,82739,2237,2241,2241,2237,161008,2237,71568,17856,98.83187,98.83187,98.83182,98.83187,0,0,0,0,0,0,0,0,0,0,0,0,0,0
ligra_BFS.com-lj.ungraph.gcc_6.3.0_O3.drop_3500M.length_250M_4T,mlop,1.38085,1.38072,1.38071,1.38086,40000000,40000000,40000000,40000001,28967702,28970480,28970697,28967514,87964,87956,87955,87964,87565,87557,87556,87565,0,0,0,0,0,0,0,0,87580,87572,87572,87580,1118,1118,1118,1118,164384,1118,71568,21248,98.83187,98.83181,98.83182,98.83185,0,0,0,0,0,0,0,0,0,0,0,0,0,0
ligra_BFS.com-lj.ungraph.gcc_6.3.0_O3.drop_3500M.length_250M_4T,pythia,1.38029,1.38029,1.38028,1.38029,40000000,40000000,40000000,40000000,28979426,28979428,28979601,28979384,459960,459954,459954,459960,88050,88049,88049,88050,1,1,1,1,0,0,0,0,88056,88056,88055,88056,1125,1125,1125,1125,155679,1125,71568,12544,98.83181,98.83181,98.83182,98.83181,0,0,0,0,0,0,0,0,0,0,0,0,0,0
ligra_BFS.com-lj.ungraph.gcc_6.3.0_O3.drop_3500M.length_250M_4T,linucb,1.23071,1.22384,1.23803,1.22627,40000000,40000001,40000000,40000000,32501569,32684081,32309428,32619359,87000,84315,90308,85721,56736,55183,58115,55917,4,4,4,4,15,9,9,3,56746,55210,58149,55926,25323,26789,23956,25996,192338,25308,71568,49216,98.83151,98.83182,98.832,98.83135,0,0,0,0,0,0,0,0,0,0,0,0,0,0
ligra_BFS.com-lj.ungraph.gcc_6.3.0_O3.drop_3500M.length_250M_4T,tsetlin,1.38022,1.37889,1.37944,1.38011,40000000,40000002,40000002,40000000,28980950,29008874,28997278,28983269,169505,169343,169352,169637,87664,87571,87634,87713,2,2,2,2,5,6,1,6,87667,87576,87637,87716,1339,1492,1483,1369,176736,1334,71568,33600,98.832,98.83181,98.83186,98.832,0,0,0,0,0,0,0,0,0,0,0,0,0,0
ligra_BFS.com-lj.ungraph.gcc_6.3.0_O3.drop_3500M.length_250M_4T,meta_selector,1.32109,1.3209,1.31475,1.32296,40000001,40000000,40000002,40000000,30278069,30282325,30424063,30235335,224420,225566,215369,222277,78764,78585,77716,79050,6,6,6,6,8,14,14,16,78771,78605,77743,79071,9816,9731,10562,9468,182324,9808,71568,39196,98.8314,98.83148,98.83181,98.83141,53758,33516,2609,59.808861,37.288475,2.902662,89883,2,2609,15228,35383,5089,11,0
ligra_PageRank.com-lj.ungraph.gcc_6.3.0_O3.drop_500M.length_250M_4T,nopref,0.91504,0.91312,0.9131,0.91471,40000001,40000000,40000000,40000002,43713905,43805806,43806735,43729683,0,0,0,0,0,0,0,0,0,0,0,0,0,0,0,0,0,0,0,0,92827,92827,92827,92827,130011,92827,0,37184,99.2334,99.23446,99.23448,99.2335,0,0,0,0,0,0,0,0,0,0,0,0,0,0
ligra_PageRank.com-lj.ungraph.gcc_6.3.0_O3.drop_500M.length_250M_4T,spp,1.24564,1.24563,1.24582,1.24578,40000002,40000000,40000000,40000002,32112135,32112139,32107419,32108370,835448,835563,835043,835724,84971,84975,84974,84961,0,0,0,0,0,1,0,0,84972,84976,84975,84961,24808,24810,24801,24788,93409,2099,0,583,99.23448,99.23448,99.23445,99.23442,0,0,0,0,0,0,0,0,0,0,0,0,0,0
ligra_PageRank.com-lj.ungraph.gcc_6.3.0_O3.drop_500M.length_250M_4T,bingo,1.23897,1.23883,1.23884,1.23898,40000002,40000000,40000000,40000002,32284929,32288653,32288380,32284723,108407,108407,108407,108407,108389,108378,108379,108389,0,0,0,0,0,0,0,0,108407,108407,108407,108407,2901,2901,2901,2901,109152,2901,0,16320,99.23442,99.23448,99.23448,99.23443,0,0,0,0,0,0,0,0,0,0,0,0,0,0
ligra_PageRank.com-lj.ungraph.gcc_6.3.0_O3.drop_500M.length_250M_4T,mlop,1.24659,1.24657,1.2465,1.2466,40000003,40000000,40000000,40000000,32087642,32088166,32089907,32087314,114055,114053,114048,114056,113650,113648,113643,113651,0,0,0,0,0,0,0,0,113665,113663,113658,113666,1450,1450,1450,1450,109146,1450,0,16320,99.2345,99.23449,99.23448,99.23448,0,0,0,0,0,0,0,0,0,0,0,0,0,0
ligra_PageRank.com-lj.ungraph.gcc_6.3.0_O3.drop_500M.length_250M_4T,pythia,1.24647,1.24647,1.24646,1.24647,40000000,40000000,40000000,40000002,32090694,32090737,32090783,32090646,596115,596115,596115,596115,114091,114098,114102,114091,1,1,1,1,44,37,33,44,114097,114104,114108,114097,1501,1494,1490,1501,109148,1457,0,16320,99.23448,99.23448,99.23448,99.23448,0,0,0,0,0,0,0,0,0,0,0,0,0,0
ligra_PageRank.com-lj.ungraph.gcc_6.3.0_O3.drop_500M.length_250M_4T,linucb,1.13146,1.11142,1.12046,1.1356,40000000,40000000,40000000,40000001,35352659,35990101,35699620,35223803,123167,106771,113418,124649,78229,70423,74265,79079,4,4,4,4,115,110,85,147,78242,70443,74274,79085,30011,35700,32821,29084,158569,29898,0,65751,99.22941,99.23448,99.23086,99.22876,0,0,0,0,0,0,0,0,0,0,0,0,0,0
ligra_PageRank.com-lj.ungraph.gcc_6.3.0_O3.drop_500M.length_250M_4T,tsetlin,1.24566,1.24543,1.24571,1.24566,40000001,40000000,40000000,40000000,32111565,32117347,32110284,32111516,220977,220840,220842,220958,113740,113650,113686,113724,2,2,2,2,24,39,39,34,113744,113653,113689,113727,1742,1742,1737,1721,126571,1718,0,33746,99.23444,99.23448,99.23439,99.23444,0,0,0,0,0,0,0,0,0,0,0,0,0,0
ligra_PageRank.com-lj.ungraph.gcc_6.3.0_O3.drop_500M.length_250M_4T,meta_selector,1.19289,1.19078,1.20445,1.19622,40000001,40000000,40000000,40000003,33531991,33591369,33210077,33438748,295476,288290,303799,291785,100357,100078,103673,101178,6,6,6,6,31,58,43,50,100364,100097,103705,101205,14019,14221,11468,13452,154680,13988,0,61841,99.23352,99.23448,99.23082,99.23209,68474,44790,3071,58.859329,38.500881,2.63979,116335,0,3071,16127,49380,6583,13,0
ligra_Triangle.com-lj.ungraph.gcc_6.3.0_O3.drop_3500M.length_250M_4T,nopref,0.97536,0.97334,0.972,0.97557,40000002,40000002,40000002,40000003,41010689,41095792,41152093,41001652,0,0,0,0,0,0,0,0,0,0,0,0,0,0,0,0,0,0,0,0,71569,71569,71569,71569,174370,71569,71569,31232,98.83151,98.83169,98.83183,98.83157,0,0,0,0,0,0,0,0,0,0,0,0,0,0
ligra_Triangle.com-lj.ungraph.gcc_6.3.0_O3.drop_3500M.length_250M_4T,spp,1.36378,1.36407,1.36391,1.36378,40000000,40000000,40000002,40000000,29330237,29324038,29327376,29330286,643405,644213,643755,643270,65429,65624,65648,65615,0,0,0,0,0,0,0,1,65430,65625,65649,65615,19252,19043,19045,19046,163070,1547,71568,19935,98.83185,98.83183,98.83184,98.83183,0,0,0,0,0,0,0,0,0,0,0,0,0,0
ligra_Triangle.com-lj.ungraph.gcc_6.3.0_O3.drop_3500M.length_250M_4T,bingo,1.37098,1.3712,1.37069,1.37158,40000000,40000000,40000002,40000001,29176119,29171601,29182354,29163543,82739,82770,82739,82770,82731,82742,82715,82764,0,0,0,0,1,0,2,0,82738,82770,82737,82770,2238,2237,2239,2237,156656,2237,71568,13504,98.83183,98.83184,98.83183,98.83205,0,0,0,0,0,0,0,0,0,0,0,0,0,0
ligra_Triangle.com-lj.ungraph.gcc_6.3.0_O3.drop_3500M.length_250M_4T,mlop,1.38062,1.38061,1.38048,1.38077,40000000,40000000,40000002,40000000,28972467,28972665,28975345,28969264,87578,87578,87572,87578,87563,87562,87555,87571,0,0,0,0,0,0,1,0,87578,87578,87570,87578,1118,1118,1119,1118,157792,1118,71568,14656,98.83185,98.83184,98.83183,98.83185,0,0,0,0,0,0,0,0,0,0,0,0,0,0
ligra_Triangle.com-lj.ungraph.gcc_6.3.0_O3.drop_3500M.length_250M_4T,pythia,1.38013,1.38013,1.38012,1.38014,40000001,40000000,40000002,40000002,28982709,28982754,28982915,28982660,459917,459917,459917,459917,88043,88043,88043,88043,1,1,1,1,0,0,0,0,88049,88049,88048,88049,1127,1127,1127,1127,155679,1127,71568,12544,98.83184,98.83184,98.83183,98.83183,0,0,0,0,0,0,0,0,0,0,0,0,0,0
ligra_Triangle.com-lj.ungraph.gcc_6.3.0_O3.drop_3500M.length_250M_4T,linucb,1.22711,1.22676,1.22537,1.22309,40000002,40000001,40000002,40000000,32596809,32606216,32643083,32703979,85777,87277,86228,86912,55697,56056,56142,55362,4,4,4,4,6,3,16,5,55719,56063,56156,55386,25937,25691,25847,26289,192661,25931,71568,49536,98.83139,98.83132,98.83147,98.83184,0,0,0,0,0,0,0,0,0,0,0,0,0,0
ligra_Triangle.com-lj.ungraph.gcc_6.3.0_O3.drop_3500M.length_250M_4T,tsetlin,1.3785,1.37969,1.37948,1.37984,40000002,40000003,40000000,40000000,29017024,28991991,28996334,28988900,169170,169816,169826,169860,87500,87768,87747,87783,2,2,2,2,13,5,7,9,87504,87772,87751,87786,1534,1329,1394,1343,189984,1521,71568,46848,98.83183,98.83201,98.83211,98.83197,0,0,0,0,0,0,0,0,0,0,0,0,0,0
ligra_Triangle.com-lj.ungraph.gcc_6.3.0_O3.drop_3500M.length_250M_4T,meta_selector,1.31483,1.33105,1.32629,1.33082,40000000,40000000,40000002,40000000,30422188,30051432,30159398,30056652,221078,231622,228986,232725,77533,80779,79652,80595,6,6,6,6,9,13,6,16,77550,80786,79690,80623,10754,8344,8977,8357,191024,10745,71568,47892,98.83185,98.83205,98.83185,98.83193,53876,33847,2592,59.653435,37.476608,2.869955,90315,1,2592,15704,37113,5308,13,0
parsec_2.1.canneal.simlarge.prebuilt.drop_1250M.length_250M_4T,nopref,0.26594,0.26594,0.26594,0.26593,40000000,40000000,40000000,40000001,150408706,150410769,150408616,150414262,0,0,0,0,0,0,0,0,0,0,0,0,0,0,0,0,0,0,0,0,413462,413126,413104,411656,319768,253992,20211,45565,94.57348,94.57347,94.57345,94.5733,0,0,0,0,0,0,0,0,0,0,0,0,0,0
parsec_2.1.canneal.simlarge.prebuilt.drop_1250M.length_250M_4T,spp,0.26899,0.26832,0.26899,0.26817,40000000,40000000,40000000,40000002,148705101,149072995,148705911,149161066,206905,208621,197520,192311,7637,7755,7632,7643,1366,1397,1333,1361,538,589,679,653,9007,9160,8971,9012,405244,408604,403282,405511,371638,235808,20199,37817,94.57346,94.57385,94.57338,94.57346,0,0,0,0,0,0,0,0,0,0,0,0,0,0
parsec_2.1.canneal.simlarge.prebuilt.drop_1250M.length_250M_4T,bingo,0.26876,0.2683,0.26821,0.26852,40000000,40000003,40000000,40000001,148831049,149088050,149137583,148967428,2263782,2249752,2257716,2251737,57668,57748,57663,57706,36309,36428,35730,36443,8306,8468,8405,8309,94231,94445,93646,94429,365673,366840,364966,364030,1441258,191860,20063,62519,94.57348,94.57354,94.57345,94.57324,0,0,0,0,0,0,0,0,0,0,0,0,0,0
parsec_2.1.canneal.simlarge.prebuilt.drop_1250M.length_250M_4T,mlop,0.27173,0.27173,0.27173,0.27171,40000003,40000000,40000000,40000003,147205075,147205167,147205334,147213500,341281,339572,340751,341856,0,0,0,0,0,0,0,0,0,0,0,0,0,0,0,0,414509,415807,413764,413544,503182,222062,20191,52422,94.57343,94.5734,94.57344,94.57321,0,0,0,0,0,0,0,0,0,0,0,0,0,0
parsec_2.1.canneal.simlarge.prebuilt.drop_1250M.length_250M_4T,pythia,0.28658,0.28396,0.28659,0.28527,40000000,40000000,40000000,40000001,139575500,140863874,139573774,140216302,521748,505118,510887,502461,165580,163706,163320,161453,153233,148413,149595,146023,10964,9844,11048,10634,319648,312974,313755,308306,297344,296677,295941,295434,406281,176391,20136,45603,94.57239,94.57345,94.57236,94.57333,0,0,0,0,0,0,0,0,0,0,0,0,0,0
parsec_2.1.canneal.simlarge.prebuilt.drop_1250M.length_250M_4T,linucb,0.27595,0.27655,0.27682,0.27671,40000000,40000000,40000003,40000000,144954120,144637638,144500586,144556553,638407,645081,645395,644609,132040,133540,133557,134018,290423,293581,294334,293491,12474,12753,12706,12998,423834,428469,429254,428860,328169,328320,328487,328791,483318,199320,20189,44866,94.57345,94.57316,94.57358,94.57329,0,0,0,0,0,0,0,0,0,0,0,0,0,0
parsec_2.1.canneal.simlarge.prebuilt.drop_1250M.length_250M_4T,tsetlin,0.25872,0.25693,0.25872,0.25699,40000001,40000000,40000000,40000001,154608980,155683686,154606793,155645300,1138852,1131129,1141406,1131612,42295,41013,41497,41225,841581,838603,842567,837656,2504,2296,2494,2262,886160,881903,886322,881174,432759,433286,428172,430107,782759,255085,20046,46079,94.57308,94.57345,94.57317,94.57352,0,0,0,0,0,0,0,0,0,0,0,0,0,0
parsec_2.1.canneal.simlarge.prebuilt.drop_1250M.length_250M_4T,meta_selector,0.26985,0.26959,0.26895,0.26978,40000002,40000001,40000000,40000000,148230041,148371677,148726877,148271051,1346038,1344266,1341674,1347434,130431,130429,128129,130677,794706,788634,791781,791958,12498,12502,12281,12332,927320,921309,922119,924860,355373,353511,354136,353602,745528,210341,20098,44690,94.5737,94.57327,94.57345,94.57358,251970,434456,19384,35.699409,61.554241,2.746348,705810,19370,19384,42610,502823,54526,171,0
parsec_2.1.streamcluster.simlarge.prebuilt.drop_0M.length_250M_4T,nopref,0.40963,0.40963,0.40963,0.40963,40000002,40000000,40000000,40000002,97649429,97649233,97648402,97648801,0,0,0,0,0,0,0,0,0,0,0,0,0,0,0,0,0,0,0,0,41868,41868,41868,41868,45638,41868,0,3770,99.76357,99.76357,99.76358,99.76357,0,0,0,0,0,0,0,0,0,0,0,0,0,0
parsec_2.1.streamcluster.simlarge.prebuilt.drop_0M.length_250M_4T,spp,0.41203,0.41203,0.41202,0.41203,40000002,40000002,40000000,40000002,97080924,97081296,97081546,97081442,388735,388054,388701,388803,39087,39136,39060,39096,7,8,8,8,21,33,51,47,39094,39145,39069,39105,11201,11158,11184,11187,42009,958,0,141,99.76357,99.76357,99.76357,99.76357,0,0,0,0,0,0,0,0,0,0,0,0,0,0
parsec_2.1.streamcluster.simlarge.prebuilt.drop_0M.length_250M_4T,bingo,0.41205,0.41205,0.41205,0.41204,40000000,40000002,40000001,40000002,97075798,97076061,97076748,97078148,47009,47090,47059,47151,46996,47086,47055,47147,9,0,0,0,0,0,0,0,47008,47089,47058,47151,1308,1308,1308,1308,42712,1308,0,856,99.76358,99.76358,99.76358,99.76357,0,0,0,0,0,0,0,0,0,0,0,0,0,0
parsec_2.1.streamcluster.simlarge.prebuilt.drop_0M.length_250M_4T,mlop,0.41211,0.41211,0.41211,0.41211,40000000,40000001,40000002,40000002,97062029,97062450,97061874,97062462,59802,59818,59811,59784,52044,52091,52042,52038,870,866,887,875,12,13,13,17,52930,52973,52945,52929,654,654,654,654,44748,654,0,2880,99.76357,99.76357,99.76357,99.76357,0,0,0,0,0,0,0,0,0,0,0,0,0,0
parsec_2.1.streamcluster.simlarge.prebuilt.drop_0M.length_250M_4T,pythia,0.41211,0.41211,0.41211,0.41211,40000002,40000000,40000001,40000002,97061821,97062054,97061480,97061323,287982,287958,287989,287941,54128,54172,54211,54201,1633,1689,1656,1730,214,211,144,182,55767,55867,55873,55937,656,656,656,656,44005,656,0,2137,99.76357,99.76357,99.76357,99.76357,0,0,0,0,0,0,0,0,0,0,0,0,0,0
parsec_2.1.streamcluster.simlarge.prebuilt.drop_0M.length_250M_4T,linucb,0.41123,0.41136,0.41141,0.41138,40000002,40000001,40000000,40000002,97268646,97237573,97227460,97234361,58472,52852,63466,64250,38008,34302,40658,40748,1651,431,1491,1641,90,0,64,62,39671,34735,42152,42396,12686,11677,10721,10408,43398,12686,0,1524,99.76357,99.7636,99.76358,99.76357,0,0,0,0,0,0,0,0,0,0,0,0,0,0
parsec_2.1.streamcluster.simlarge.prebuilt.drop_0M.length_250M_4T,tsetlin,0.41209,0.41208,0.41203,0.41205,40000000,40000000,40000001,40000002,97065621,97067384,97079657,97076188,103286,102759,103423,103856,52938,53116,52861,53008,1240,1255,1359,1471,112,152,144,133,54180,54373,54222,54481,1243,1131,1413,1223,44623,1243,0,2755,99.76356,99.76356,99.76357,99.76358,0,0,0,0,0,0,0,0,0,0,0,0,0,0
parsec_2.1.streamcluster.simlarge.prebuilt.drop_0M.length_250M_4T,meta_selector,0.4121,0.41211,0.41208,0.41206,40000002,40000003,40000000,40000002,97064959,97060355,97067601,97074110,112299,106531,114314,138591,53112,52858,53127,51874,1498,1514,1633,1717,126,134,111,115,54616,54374,54762,53602,1174,1274,1144,2362,43623,1174,0,1751,99.7636,99.76356,99.76359,99.76357,40021,13749,3239,70.201195,24.117245,5.681559,57009,2110,3239,7935,15817,2352,13,0
cassandra_phase0_core0_4T,nopref,0.34915,0.34959,0.34928,0.34958,40000002,40000001,40000003,40000002,114563728,114420223,114520415,114423547,0,0,0,0,0,0,0,0,0,0,0,0,0,0,0,0,0,0,0,0,336419,336119,337194,337567,277275,220916,15383,40976,97.9753,97.97654,97.97562,97.97654,0,0,0,0,0,0,0,0,0,0,0,0,0,0
cassandra_phase0_core0_4T,spp,0.36477,0.36432,0.36425,0.36429,40000002,40000003,40000001,40000002,109657670,109794716,109814568,109801902,900234,890224,912881,902249,39948,39490,40371,40185,4663,4689,4628,4735,19518,19532,19449,19610,44648,44204,45028,44948,309933,310328,310945,310379,366444,141920,20178,9361,97.97675,97.97546,97.97528,97.97541,0,0,0,0,0,0,0,0,0,0,0,0,0,0
cassandra_phase0_core0_4T,bingo,0.36498,0.36498,0.36498,0.36423,40000002,40000002,40000000,40000002,109594184,109595917,109594677,109821919,532483,529792,531912,528456,138692,137708,138821,138600,43368,44046,44054,44250,5819,5756,5640,5439,182355,182084,183166,183138,231104,231545,231428,232502,365123,135030,18945,22122,97.97995,97.97998,97.97995,97.97532,0,0,0,0,0,0,0,0,0,0,0,0,0,0
cassandra_phase0_core0_4T,mlop,0.34966,0.34985,0.34966,0.34966,40000001,40000003,40000003,40000002,114397283,114335226,114396889,114396663,1543867,1531911,1532773,1538214,67093,70903,69169,71482,118910,119629,120667,121393,7945,7951,7673,8781,188312,192970,192490,195447,295679,291648,293548,291491,1208170,142570,20496,17418,97.97526,97.97575,97.97525,97.9753,0,0,0,0,0,0,0,0,0,0,0,0,0,0
cassandra_phase0_core0_4T,pythia,0.37613,0.37613,0.37612,0.37613,40000000,40000002,40000000,40000002,106345826,106345107,106347971,106345051,1306509,1310824,1311318,1308421,199653,199558,199266,200024,210373,211929,211503,211543,20107,19660,19665,19611,411184,412607,411928,412686,208515,208998,208664,209117,376553,102597,16292,40234,97.97531,97.97533,97.97528,97.97533,0,0,0,0,0,0,0,0,0,0,0,0,0,0
cassandra_phase0_core0_4T,linucb,0.36592,0.36596,0.36634,0.36624,40000002,40000002,40000000,40000000,109314747,109300136,109188633,109218119,527584,521984,524283,527068,143606,140701,146381,144142,205975,205493,208990,209132,21442,23625,18339,20819,350590,347161,356492,354279,249915,251776,249385,250903,380144,131748,17312,38810,97.97532,97.97543,97.97635,97.9761,0,0,0,0,0,0,0,0,0,0,0,0,0,0
cassandra_phase0_core0_4T,tsetlin,0.36022,0.36019,0.36021,0.36091,40000002,40000003,40000003,40000002,111042946,111053494,111046158,110832144,857273,858007,857976,857538,149962,149723,149779,150834,447494,447581,446095,449611,15812,16172,18246,14476,599142,598882,597455,602259,256088,258073,256715,256078,515950,138989,19733,43164,97.97538,97.97528,97.97534,97.97734,0,0,0,0,0,0,0,0,0,0,0,0,0,0
cassandra_phase0_core0_4T,meta_selector,0.36451,0.3645,0.36419,0.36505,40000002,40000000,40000003,40000002,109737079,109739109,109833112,109573203,1090292,1087041,1085978,1091929,174991,174569,175293,176300,473231,470524,467498,472370,19405,22650,19879,19702,649991,646715,644334,650311,238610,239851,239088,238289,523539,124771,19701,41143,97.97607,97.97606,97.97528,97.98022,288939,238024,14722,53.340778,43.941406,2.717816,541685,11696,14722,39175,393581,43147,114,0
nutch_phase0_core0_4T,nopref,0.31992,0.31962,0.32013,0.31973,40000003,40000003,40000000,40000003,125033106,125149757,124949777,125104888,0,0,0,0,0,0,0,0,0,0,0,0,0,0,0,0,0,0,0,0,150492,150923,151906,151722,170873,116532,9189,45152,96.47356,96.47233,96.47377,96.47282,0,0,0,0,0,0,0,0,0,0,0,0,0,0
nutch_phase0_core0_4T,spp,0.33586,0.33581,0.33576,0.33607,40000003,40000000,40000002,40000003,119095768,119115727,119133961,119023426,1005135,1003191,997030,1007338,65175,65362,65254,65328,1008,1011,1028,991,3090,3099,3106,3129,66188,66379,66294,66324,99009,98563,99789,100385,139478,19156,9430,3990,96.4728,96.47263,96.47237,96.47358,0,0,0,0,0,0,0,0,0,0,0,0,0,0
nutch_phase0_core0_4T,bingo,0.33212,0.33205,0.3321,0.33209,40000002,40000003,40000002,40000002,120438667,120464133,120443847,120450595,303934,309062,304558,306572,115107,116200,114932,115838,4842,4959,4914,4865,1142,1097,1117,1081,120050,121229,119954,120818,54715,54608,54964,54988,200549,25750,9116,28925,96.47272,96.47233,96.47265,96.4726,0,0,0,0,0,0,0,0,0,0,0,0,0,0
nutch_phase0_core0_4T,mlop,0.3358,0.33599,0.33715,0.33585,40000003,40000001,40000000,40000001,119117550,119049927,118642044,119099937,361861,363376,358075,359511,124532,124460,124601,123550,38944,39551,38803,38858,3631,2710,2539,2998,163680,164214,163556,162634,54678,54795,54938,55628,188040,16669,8830,15627,96.47233,96.47299,96.47474,96.47264,0,0,0,0,0,0,0,0,0,0,0,0,0,0
nutch_phase0_core0_4T,pythia,0.33527,0.33538,0.33527,0.33523,40000002,40000003,40000003,40000000,119307445,119268167,119308126,119320447,1223913,1224374,1224267,1223883,150327,148981,150114,151252,73648,71394,72791,73452,7202,7181,7286,7450,224325,221000,223316,225239,47204,44794,45741,47974,181843,16954,8986,26904,96.47262,96.47285,96.47263,96.47237,0,0,0,0,0,0,0,0,0,0,0,0,0,0
nutch_phase0_core0_4T,linucb,0.33327,0.33237,0.33293,0.33262,40000002,40000003,40000003,40000002,120023926,120348587,120144922,120256341,336203,332112,337724,336392,107602,105061,108457,107578,43647,45328,47122,46500,8566,8196,8152,7945,151336,150524,155660,154247,75086,75734,76112,75515,183441,38165,9118,46041,96.47422,96.47233,96.47387,96.47349,0,0,0,0,0,0,0,0,0,0,0,0,0,0
nutch_phase0_core0_4T,tsetlin,0.33367,0.33341,0.33414,0.33466,40000002,40000000,40000003,40000003,119879230,119972935,119710552,119523659,588873,580286,587135,578654,135935,134136,133961,134587,120940,122550,120898,124608,5023,4881,5717,5171,257051,256796,255067,259290,60893,61668,61166,62320,202652,24478,9143,36107,96.47351,96.47236,96.47393,96.47466,0,0,0,0,0,0,0,0,0,0,0,0,0,0
nutch_phase0_core0_4T,meta_selector,0.33254,0.33532,0.33218,0.33389,40000002,40000003,40000003,40000003,120287113,119287909,120418432,119801634,749357,783547,712944,764487,129576,136931,121472,130551,132267,131495,124285,133356,5544,6086,5727,5469,262011,268592,245901,264068,70199,59729,75713,64710,210724,34572,8891,43616,96.4736,96.479,96.47238,96.47536,189451,156500,16101,52.327015,43.225834,4.447151,362052,13926,16101,25179,227630,25297,103,0
streaming_phase0_core1_4T,nopref,0.21095,0.21095,0.21093,0.21095,40000001,40000000,40000001,40000002,189615401,189615624,189640826,189615636,0,0,0,0,0,0,0,0,0,0,0,0,0,0,0,0,0,0,0,0,226893,226289,228070,234383,146579,103633,35781,7165,97.04294,97.04295,97.04226,97.04294,0,0,0,0,0,0,0,0,0,0,0,0,0,0
streaming_phase0_core1_4T,spp,0.212,0.21203,0.21201,0.21203,40000001,40000000,40000001,40000003,188675193,188650059,188673995,188650067,2180252,2199820,2180169,2190731,56502,56364,56403,56394,3493,3249,3396,3346,13589,13642,13674,13730,60091,59657,59897,59807,213892,221333,216778,222890,180470,73501,39135,9349,97.0423,97.04295,97.04229,97.04294,0,0,0,0,0,0,0,0,0,0,0,0,0,0
streaming_phase0_core1_4T,bingo,0.21436,0.21416,0.21428,0.21416,40000000,40000001,40000000,40000002,186605559,186777425,186675510,186778569,1216208,1171035,1247912,1231176,169828,173560,170920,176338,13937,14758,14220,16179,8649,8695,8478,8851,183996,188528,185386,192773,122790,126528,124014,129313,187887,35136,36778,10769,97.04288,97.04229,97.04173,97.0423,0,0,0,0,0,0,0,0,0,0,0,0,0,0
streaming_phase0_core1_4T,mlop,0.21433,0.21433,0.2144,0.21455,40000001,40000001,40000003,40000000,186632305,186629851,186569067,186435411,492052,489569,486150,488413,117081,115906,115931,114465,78878,81768,76921,78345,25696,23005,24758,27663,196023,197720,192872,192832,184192,187024,179645,185233,304230,30518,41394,12641,97.04226,97.04228,97.04223,97.04368,0,0,0,0,0,0,0,0,0,0,0,0,0,0
streaming_phase0_core1_4T,pythia,0.21415,0.21427,0.21415,0.21425,40000001,40000001,40000000,40000000,186781390,186677271,186785840,186697816,3499728,3451348,3424107,3686073,182570,180960,175378,178169,161024,155666,148726,147846,33206,32523,31144,31765,345092,338168,325659,327490,192897,176801,170878,166457,174367,29623,36362,5649,97.04232,97.04193,97.04228,97.0417,0,0,0,0,0,0,0,0,0,0,0,0,0,0
streaming_phase0_core1_4T,linucb,0.21309,0.21313,0.21316,0.21322,40000002,40000003,40000001,40000003,187715496,187682917,187654255,187601596,2263311,2255887,2255851,2257707,109449,121442,112210,115960,115036,138472,120141,132279,62657,54275,57081,55202,225609,261037,233445,249379,205128,246466,200880,220709,170338,34958,36249,5963,97.04223,97.0433,97.04269,97.04244,0,0,0,0,0,0,0,0,0,0,0,0,0,0
streaming_phase0_core1_4T,tsetlin,0.2128,0.2127,0.21264,0.21266,40000003,40000002,40000001,40000000,187969480,188059974,188111846,188093193,3774584,3764126,3809951,3741916,192295,188540,195931,199950,946417,894289,947769,958467,27458,27654,28982,29551,1140933,1085094,1145832,1160574,294724,277601,307826,325133,250544,42495,42106,5695,97.04265,97.04331,97.04226,97.04272,0,0,0,0,0,0,0,0,0,0,0,0,0,0
streaming_phase0_core1_4T,meta_selector,0.21312,0.213,0.21309,0.21321,40000000,40000003,40000001,40000001,187686094,187795452,187714074,187609512,4572380,4592924,4576805,4581626,199704,207513,198878,189742,825178,852025,813808,773729,46057,47012,47320,42111,1027067,1061659,1014866,965678,319227,352116,309817,274498,237546,33281,41213,4838,97.04206,97.04229,97.04205,97.04332,1163566,1135770,34517,49.85601,48.66502,1.478971,2333853,30019,34517,109599,1809830,191747,949,0
